IP,PORT,匿名度,类型,位置,响应速度,最后验证时间
175.44.109.50,9999,高匿名,HTTP,福建省南平市  联通,0.7秒,2021-05-17 13:31:01
175.42.122.133,9999,高匿名,HTTP,福建省宁德市  联通,0.7秒,2021-05-17 12:31:01
122.143.220.22,9999,高匿名,HTTP,中国 吉林 白山 联通,0.7秒,2021-05-17 11:31:01
112.111.217.205,9999,高匿名,HTTP,福建省宁德市  联通,0.6秒,2021-05-17 10:31:01
49.86.59.95,9999,高匿名,HTTP,中国 江苏 扬州 电信,0.4秒,2021-05-17 09:31:01
114.98.162.152,9999,高匿名,HTTP,中国 安徽 芜湖 电信,0.5秒,2021-05-17 08:31:01
115.62.43.132,9999,高匿名,HTTP,中国 河南 濮阳 联通,0.5秒,2021-05-17 07:31:02
223.247.169.70,9999,高匿名,HTTP,中国 安徽 芜湖 电信,1秒,2021-05-17 06:31:02
182.116.253.4,9999,高匿名,HTTP,中国 河南 濮阳 联通,0.3秒,2021-05-17 05:31:01
117.69.169.228,9999,高匿名,HTTP,安徽省黄山市  电信,1秒,2021-05-17 04:31:01
125.40.211.5,9999,高匿名,HTTP,中国 河南 濮阳 联通,0.5秒,2021-05-17 03:31:01
49.85.2.17,3000,高匿名,HTTP,中国 江苏 泰州 电信,0.4秒,2021-05-17 02:31:01
122.143.220.122,9999,高匿名,HTTP,中国 吉林 白山 联通,0.6秒,2021-05-17 01:31:01
117.88.208.32,3000,高匿名,HTTP,中国 江苏 南京 电信,1秒,2021-05-17 00:31:01
125.72.106.210,3256,高匿名,HTTP,中国 青海 西宁 电信,0.5秒,2021-05-16 23:31:01
121.233.206.201,9999,高匿名,HTTP,江苏省扬州市  电信,0.5秒,2021-05-16 22:31:01
175.43.155.122,9999,高匿名,HTTP,中国 福建 泉州 联通,0.8秒,2021-05-16 21:31:01
182.87.136.134,9999,高匿名,HTTP,中国 江西 萍乡 电信,2秒,2021-05-16 20:31:01
110.243.15.49,9999,高匿名,HTTP,河北省唐山市  联通,0.5秒,2021-05-16 19:31:02
223.247.171.72,9999,高匿名,HTTP,中国 安徽 芜湖 电信,0.5秒,2021-05-16 18:31:01
58.255.207.179,9999,高匿名,HTTP,中国 广东 惠州 联通,0.7秒,2021-05-16 17:31:02
112.109.221.3,9999,高匿名,HTTP,中国 福建 泉州 联通,2秒,2021-05-16 16:31:01
58.255.206.210,9999,高匿名,HTTP,中国 广东 惠州 联通,0.8秒,2021-05-16 15:31:01
60.169.132.183,9999,高匿名,HTTP,中国 安徽 芜湖 电信,0.4秒,2021-05-16 14:31:01
117.66.232.220,9999,高匿名,HTTP,中国 安徽 芜湖 电信,0.5秒,2021-05-16 13:31:01
182.46.126.177,9999,高匿名,HTTP,中国 山东 淄博 电信,0.6秒,2021-05-16 12:31:01
114.98.175.63,9999,高匿名,HTTP,中国 安徽 芜湖 电信,0.4秒,2021-05-16 11:31:01
36.57.230.56,9999,高匿名,HTTP,中国 安徽 蚌埠 电信,1秒,2021-05-16 10:31:01
121.19.6.75,9999,高匿名,HTTP,中国 河北 保定 联通,0.4秒,2021-05-16 09:31:01
175.43.34.34,9999,高匿名,HTTP,福建省泉州市  联通,0.7秒,2021-05-16 08:31:01
42.177.137.227,9999,高匿名,HTTP,中国 辽宁 鞍山 联通,0.5秒,2021-05-16 07:31:01
113.194.16.119,9999,高匿名,HTTP,中国 江西 新余 联通,0.6秒,2021-05-16 06:31:01
61.174.158.94,9999,高匿名,HTTP,中国 浙江 杭州 电信,0.5秒,2021-05-16 05:31:01
182.87.137.113,9999,高匿名,HTTP,中国 江西 萍乡 电信,0.5秒,2021-05-16 04:31:01
180.125.120.222,9999,高匿名,HTTP,中国 江苏 淮安 电信,5秒,2021-05-16 03:31:01
223.215.11.241,9999,高匿名,HTTP,中国 安徽 黄山 电信,0.5秒,2021-05-16 02:31:01
114.103.176.117,9999,高匿名,HTTP,中国 安徽 宣城 电信,0.6秒,2021-05-16 01:31:01
118.117.188.212,3256,高匿名,HTTP,中国 四川 达州 电信,0.5秒,2021-05-16 00:31:02
27.40.95.151,9999,高匿名,HTTP,中国 广东 惠州 联通,0.6秒,2021-05-15 23:31:01
59.63.75.179,9999,高匿名,HTTP,中国 江西 景德镇 电信,0.6秒,2021-05-15 22:31:01
113.121.67.253,9999,高匿名,HTTP,山东省淄博市  电信,0.8秒,2021-05-15 21:31:01
123.52.96.252,9999,高匿名,HTTP,河南省商丘市  电信,0.6秒,2021-05-15 20:31:01
117.69.43.30,9999,高匿名,HTTP,中国 安徽 淮南 电信,0.4秒,2021-05-15 19:31:01
117.95.214.192,9999,高匿名,HTTP,江苏省宿迁市  电信,0.5秒,2021-05-15 18:31:01
112.195.243.41,3256,高匿名,HTTP,中国 四川 眉山 联通,4秒,2021-05-15 17:31:01
171.13.136.250,9999,高匿名,HTTP,河南省商丘市  电信,0.5秒,2021-05-15 16:31:01
113.123.0.240,3256,高匿名,HTTP,中国 山东 威海 电信,3秒,2021-05-15 15:31:01
121.231.176.26,9999,高匿名,HTTP,中国 江苏 常州 电信,1.0秒,2021-05-15 14:31:01
117.94.183.230,3000,高匿名,HTTP,中国 江苏 泰州 电信,0.4秒,2021-05-15 13:31:01
218.91.1.2,9999,高匿名,HTTP,中国 江苏 扬州 电信,0.4秒,2021-05-15 12:31:02
101.18.83.77,9999,高匿名,HTTP,中国 河北 保定 联通,0.4秒,2021-05-15 11:31:01
121.230.252.192,3000,高匿名,HTTP,中国 江苏 泰州 电信,1秒,2021-05-15 10:31:01
175.43.56.33,9999,高匿名,HTTP,福建省泉州市  联通,0.6秒,2021-05-15 09:31:02
150.255.152.211,9999,高匿名,HTTP,中国 海南 三亚 联通,0.6秒,2021-05-15 08:31:01
113.237.5.59,9999,高匿名,HTTP,中国 辽宁 营口 联通,0.5秒,2021-05-15 07:31:01
60.169.150.73,9999,高匿名,HTTP,中国 安徽 芜湖 电信,0.6秒,2021-05-15 06:31:02
111.77.113.38,3256,高匿名,HTTP,中国 江西 萍乡 电信,0.5秒,2021-05-15 05:31:01
36.56.102.210,9999,高匿名,HTTP,中国 安徽 宣城 电信,0.5秒,2021-05-15 04:31:01
49.70.151.123,3256,高匿名,HTTP,中国 江苏 镇江 电信,0.5秒,2021-05-15 03:31:02
123.54.46.122,9999,高匿名,HTTP,河南省商丘市  电信,0.6秒,2021-05-15 02:31:01
27.40.91.75,9999,高匿名,HTTP,中国 广东 惠州 联通,0.6秒,2021-05-15 01:31:01
182.34.22.128,9999,高匿名,HTTP,山东省烟台市  电信,0.6秒,2021-05-15 00:31:01
113.195.156.202,9999,高匿名,HTTP,中国 江西 抚州 联通,0.6秒,2021-05-14 23:31:01
113.121.38.22,9999,高匿名,HTTP,山东省烟台市  电信,0.5秒,2021-05-14 22:31:02
59.55.164.82,3256,高匿名,HTTP,中国 江西 吉安 电信,0.5秒,2021-05-14 21:31:01
36.57.77.74,9999,高匿名,HTTP,中国 安徽 黄山 电信,0.5秒,2021-05-14 20:31:01
183.166.66.64,9999,高匿名,HTTP,中国 安徽 淮南 电信,0.5秒,2021-05-14 19:31:01
117.95.22.77,9999,高匿名,HTTP,中国 江苏 淮安 电信,0.7秒,2021-05-14 18:31:01
42.238.88.236,9999,高匿名,HTTP,中国 河南 濮阳 联通,0.4秒,2021-05-14 17:31:01
114.99.9.117,1133,高匿名,HTTP,安徽省铜陵市  电信,3秒,2021-05-14 16:31:01
117.66.232.21,9999,高匿名,HTTP,中国 安徽 芜湖 电信,0.5秒,2021-05-14 15:31:01
49.85.178.178,3000,高匿名,HTTP,中国 江苏 泰州 电信,0.5秒,2021-05-14 14:31:01
114.103.176.58,9999,高匿名,HTTP,中国 安徽 宣城 电信,0.6秒,2021-05-14 13:31:01
117.66.235.59,9999,高匿名,HTTP,中国 安徽 芜湖 电信,0.4秒,2021-05-14 12:31:02
175.7.199.47,3256,高匿名,HTTP,中国 湖南 张家界 电信,0.5秒,2021-05-14 11:31:01
113.237.7.223,9999,高匿名,HTTP,中国 辽宁 营口 联通,2秒,2021-05-14 10:31:01
114.98.160.27,9999,高匿名,HTTP,中国 安徽 芜湖 电信,0.5秒,2021-05-14 09:31:01
115.62.44.172,9999,高匿名,HTTP,中国 河南 濮阳 联通,0.4秒,2021-05-14 08:31:01
114.233.190.177,9999,高匿名,HTTP,中国 江苏 泰州 电信,0.5秒,2021-05-14 07:31:01
114.99.15.79,1133,高匿名,HTTP,中国 安徽 铜陵 电信,0.5秒,2021-05-14 06:31:01
112.195.241.144,3256,高匿名,HTTP,中国 四川 眉山 联通,0.5秒,2021-05-14 05:31:02
171.35.172.153,9999,高匿名,HTTP,中国 江西省 宜春市 联通,0.6秒,2021-05-14 04:31:02
175.42.122.200,9999,高匿名,HTTP,福建省宁德市  联通,0.6秒,2021-05-14 03:31:01
117.66.235.41,9999,高匿名,HTTP,中国 安徽 芜湖 电信,0.4秒,2021-05-14 02:31:01
59.63.67.72,9999,高匿名,HTTP,中国 江西 景德镇 电信,1秒,2021-05-14 01:31:01
122.4.43.235,9999,高匿名,HTTP,山东省济南市  电信,0.5秒,2021-05-14 00:31:01
182.34.34.254,9999,高匿名,HTTP,山东省烟台市  电信,0.5秒,2021-05-13 23:31:01
223.215.119.44,9999,高匿名,HTTP,中国 安徽 淮北 电信,0.6秒,2021-05-13 22:31:01
182.34.34.119,9999,高匿名,HTTP,山东省烟台市  电信,0.6秒,2021-05-13 21:31:01
58.255.207.148,9999,高匿名,HTTP,中国 广东 惠州 联通,0.6秒,2021-05-13 20:31:01
218.88.204.207,3256,高匿名,HTTP,中国 四川 眉山 电信,0.5秒,2021-05-13 19:31:02
182.46.97.243,9999,高匿名,HTTP,中国 山东 淄博 电信,1秒,2021-05-13 18:31:01
182.46.112.165,9999,高匿名,HTTP,中国 山东 淄博 电信,0.9秒,2021-05-13 17:31:01
175.146.214.33,9999,高匿名,HTTP,中国 辽宁 营口 联通,0.6秒,2021-05-13 16:31:01
223.243.174.228,9999,高匿名,HTTP,中国 安徽 宣城 电信,0.5秒,2021-05-13 15:31:02
113.128.123.246,9999,高匿名,HTTP,山东省济南市  电信,0.5秒,2021-05-13 14:31:01
182.122.146.78,9999,高匿名,HTTP,中国 河南 濮阳 联通,0.4秒,2021-05-13 13:31:01
112.195.241.166,3256,高匿名,HTTP,中国 四川 眉山 联通,1秒,2021-05-13 12:31:01
119.120.60.115,9999,高匿名,HTTP,中国 广东 中山 电信,0.5秒,2021-05-13 11:31:02
1.70.65.156,9999,高匿名,HTTP,中国 山西 晋城 电信,0.6秒,2021-05-13 10:31:02
112.195.243.17,3256,高匿名,HTTP,中国 四川 眉山 联通,3秒,2021-05-13 09:31:01
49.86.59.74,9999,高匿名,HTTP,中国 江苏 扬州 电信,0.5秒,2021-05-13 08:31:01
36.251.145.62,9999,高匿名,HTTP,中国 福建 泉州 联通,0.7秒,2021-05-13 07:31:01
114.239.146.180,9999,高匿名,HTTP,江苏省宿迁市  电信,1秒,2021-05-13 06:31:02
106.111.9.122,3000,高匿名,HTTP,中国 江苏 泰州 电信,0.6秒,2021-05-13 05:31:01
106.111.9.122,3000,高匿名,HTTP,中国 江苏 泰州 电信,0.6秒,2021-05-13 05:31:01
114.230.124.85,9999,高匿名,HTTP,中国 江苏 扬州 电信,0.5秒,2021-05-13 04:31:01
223.243.175.91,9999,高匿名,HTTP,中国 安徽 宣城 电信,0.4秒,2021-05-13 03:31:01
175.42.129.140,9999,高匿名,HTTP,福建省南平市  联通,0.7秒,2021-05-13 02:31:01
171.35.209.125,9999,高匿名,HTTP,江西省新余市  联通,0.6秒,2021-05-13 01:31:01
49.89.87.7,9999,高匿名,HTTP,江苏省宿迁市  电信,0.6秒,2021-05-13 00:31:01
113.124.86.81,9999,高匿名,HTTP,山东省烟台市  电信,0.5秒,2021-05-12 23:31:01
60.169.135.109,9999,高匿名,HTTP,中国 安徽 芜湖 电信,1秒,2021-05-12 22:31:01
183.166.133.157,9999,高匿名,HTTP,安徽省黄山市  电信,0.4秒,2021-05-12 21:31:01
171.35.169.179,9999,高匿名,HTTP,江西省宜春市  联通,0.5秒,2021-05-12 20:31:01
223.243.48.10,9999,高匿名,HTTP,中国 安徽 宣城 电信,1秒,2021-05-12 19:31:01
60.169.134.168,9999,高匿名,HTTP,中国 安徽 芜湖 电信,0.4秒,2021-05-12 18:31:01
58.253.151.140,9999,高匿名,HTTP,中国 广东 揭阳 联通,0.7秒,2021-05-12 17:31:01
60.169.135.77,9999,高匿名,HTTP,中国 安徽 芜湖 电信,2秒,2021-05-12 16:31:01
101.75.189.188,9999,高匿名,HTTP,中国 河北 秦皇岛 联通,1秒,2021-05-12 15:31:01
49.86.57.50,9999,高匿名,HTTP,中国 江苏 扬州 电信,0.4秒,2021-05-12 13:31:01
1.70.65.1,9999,高匿名,HTTP,中国 山西 晋城 电信,0.9秒,2021-05-12 12:31:01
182.46.126.105,9999,高匿名,HTTP,中国 山东 淄博 电信,0.5秒,2021-05-12 11:31:01
1.70.67.89,9999,高匿名,HTTP,中国 山西 晋城 电信,0.4秒,2021-05-12 10:31:01
113.237.4.235,9999,高匿名,HTTP,中国 辽宁 营口 联通,0.6秒,2021-05-12 09:31:01
125.40.211.200,9999,高匿名,HTTP,中国 河南 濮阳 联通,0.4秒,2021-05-12 08:31:01
117.93.118.81,3000,高匿名,HTTP,中国 江苏 盐城 电信,0.4秒,2021-05-12 07:31:01
223.243.180.102,9999,高匿名,HTTP,中国 安徽 宣城 电信,0.4秒,2021-05-12 06:31:01
117.91.164.46,9999,高匿名,HTTP,中国 江苏 扬州 电信,0.4秒,2021-05-12 05:31:02
59.63.75.155,9999,高匿名,HTTP,中国 江西 景德镇 电信,0.5秒,2021-05-12 04:31:01
49.87.236.54,9999,高匿名,HTTP,中国 江苏 淮安 电信,0.5秒,2021-05-12 03:31:01
183.166.133.72,9999,高匿名,HTTP,安徽省黄山市  电信,0.5秒,2021-05-12 02:31:01
60.169.240.226,9999,高匿名,HTTP,中国 安徽 芜湖 电信,0.5秒,2021-05-12 01:31:01
1.70.64.191,9999,高匿名,HTTP,中国 山西 晋城 电信,0.8秒,2021-05-12 00:31:01
49.85.111.58,3000,高匿名,HTTP,中国 江苏 泰州 电信,3秒,2021-05-11 23:31:01
218.27.250.137,9999,高匿名,HTTP,中国 吉林 白山 联通,0.6秒,2021-05-11 22:31:01
182.34.37.57,9999,高匿名,HTTP,中国 山东省 烟台市 电信,0.3秒,2021-05-11 21:31:01
175.7.199.194,3256,高匿名,HTTP,中国 湖南 张家界 电信,0.4秒,2021-05-11 20:31:01
36.56.101.147,9999,高匿名,HTTP,中国 安徽 宣城 电信,1秒,2021-05-11 19:31:01
113.121.67.66,9999,高匿名,HTTP,山东省淄博市  电信,0.5秒,2021-05-11 18:31:01
58.255.207.146,9999,高匿名,HTTP,中国 广东 惠州 联通,0.6秒,2021-05-11 17:31:02
114.104.135.182,3256,高匿名,HTTP,中国 安徽 黄山 电信,0.5秒,2021-05-11 16:31:01
110.243.8.97,9999,高匿名,HTTP,河北省唐山市  联通,0.8秒,2021-05-11 15:31:01
121.233.206.252,9999,高匿名,HTTP,江苏省扬州市  电信,1秒,2021-05-11 14:31:02
114.104.135.9,3256,高匿名,HTTP,中国 安徽 黄山 电信,0.3秒,2021-05-11 13:31:01
113.194.133.192,9999,高匿名,HTTP,中国 江西 宜春 联通,0.5秒,2021-05-11 12:31:01
175.43.178.135,9999,高匿名,HTTP,福建省泉州市  联通,0.6秒,2021-05-11 11:31:01
114.97.75.70,9999,高匿名,HTTP,中国 安徽 蚌埠 电信,2秒,2021-05-11 10:31:01
49.70.17.33,9999,高匿名,HTTP,江苏省宿迁市  电信,1秒,2021-05-11 09:31:01
117.88.209.136,3000,高匿名,HTTP,中国 江苏 南京 电信,0.2秒,2021-05-11 08:31:02
